{"cameraMode":{"drawMode":0,"name":"Shaded","section":"Shading Mode"},"sceneLighting":true,"audioPlay":false,"sceneViewState":{"showFog":true,"showMaterialUpdate":false,"showSkybox":true,"showFlares":true,"showImageEffects":true,"showParticleSystems":true},"in2DMode":false,"pivot":{"x":1.8866510391235352,"y":-0.5554471015930176,"z":-1.0976157188415528},"rotation":{"x":-0.06883407384157181,"y":0.9311309456825256,"z":-0.24900707602500916,"w":-0.257396399974823},"size":10.920249938964844,"orthographic":false}