{"cameraMode":{"drawMode":0,"name":"Shaded","section":"Shading Mode"},"sceneLighting":true,"audioPlay":false,"sceneViewState":{"showFog":true,"showMaterialUpdate":false,"showSkybox":true,"showFlares":true,"showImageEffects":true,"showParticleSystems":true},"in2DMode":false,"pivot":{"x":96.82737731933594,"y":64.38421630859375,"z":-72.66567993164063},"rotation":{"x":0.017761217430233957,"y":-0.654542088508606,"z":0.015383259393274784,"w":0.7556604743003845},"size":359.919189453125,"orthographic":true}