{"cameraMode":{"drawMode":0,"name":"Shaded","section":"Shading Mode"},"sceneLighting":false,"audioPlay":false,"sceneViewState":{"showFog":true,"showMaterialUpdate":false,"showSkybox":false,"showFlares":true,"showImageEffects":true,"showParticleSystems":true},"in2DMode":false,"pivot":{"x":-0.5441554188728333,"y":0.006084874272346497,"z":0.7128607630729675},"rotation":{"x":-0.09247373044490814,"y":-0.9073947668075562,"z":0.2816833257675171,"w":-0.29788917303085329},"size":0.46212735772132876,"orthographic":true}